EXCHANGE|TICKER|LISTING_DATE
Binance Spot|XPIN|2026/09/04
Binance Perp|GPRO|2026/09/03
Binance Spot|COLLECT|2026/09/02
Okx|CP|2026/09/02
Okx|GRVT|2026/09/02
Binance Perp|HK0625|2026/09/01
Binance Perp|MARSCOIN|2026/09/01
Binance Spot|TMX|2026/09/01
Coinbase|CP|2026/09/01
Okx|ZENT|2026/08/31
Bithumb|EURC|2026/08/28
Bithumb|FOLD|2026/08/28
Upbit|EURC|2026/08/28
Binance Perp|TAC|2026/08/27
Okx|SOPH|2026/08/27
Binance Spot|AIA|2026/08/26
Binance Spot|DJTB|2026/08/26
Coinbase|GRASS|2026/08/26
Okx|BASED|2026/08/26
Upbit|NCT|2026/08/26
Bithumb|PROM|2026/08/24
Coinbase|BASECAT|2026/08/24
Coinbase|DRB|2026/08/24
Upbit|LIT|2026/08/24
Upbit|FOLD|2026/08/23
Bithumb|NEXO|2026/08/21
Okx|XJNJ|2026/08/21
Okx|XKLAC|2026/08/21
Okx|XROK|2026/08/21
Okx|XSTRC|2026/08/21
Upbit|BICO|2026/08/21
Upbit|BMT|2026/08/21
Upbit|CRV|2026/08/21
Upbit|GWEI|2026/08/21
Upbit|NEXO|2026/08/21
Upbit|NIL|2026/08/21
Okx|XAPLD|2026/08/20
Okx|XBX|2026/08/20
Okx|XGLW|2026/08/20
Okx|XISRG|2026/08/20
Okx|XOKTA|2026/08/20
Okx|XQCOM|2026/08/20
Okx|XRIVN|2026/08/20
Okx|XUNH|2026/08/20
Okx|XWDC|2026/08/20
Okx|XZM|2026/08/20
Binance Perp|UNITREE|2026/08/19
Coinbase|ALIGN|2026/08/19
Okx|XCIEN|2026/08/19
Okx|XKO|2026/08/19
Okx|XLRCX|2026/08/19
Okx|XRDDT|2026/08/19
Okx|XSMH|2026/08/19
Okx|XTTWO|2026/08/19
Okx|XBOT|2026/08/18
Okx|XCRM|2026/08/18
Okx|XDKNG|2026/08/18
Okx|XHPE|2026/08/18
Okx|XNOW|2026/08/18
Okx|XPOPMART|2026/08/18
Okx|XSNOW|2026/08/18
Okx|XXIAOMI|2026/08/18
Bybit|KII|2026/08/14
Okx|XALAB|2026/08/14
Okx|XAPP|2026/08/14
Okx|XBSP|2026/08/14
Okx|XCOHR|2026/08/14
Okx|XON|2026/08/14
Okx|XSHAZ|2026/08/14
Okx|XSMCI|2026/08/14
Okx|XTWLO|2026/08/14
Okx|DOS|2026/08/13
Okx|XAAOI|2026/08/13
Okx|XARM|2026/08/13
Okx|XBE|2026/08/13
Okx|XCBRS|2026/08/13
Okx|XCRWV|2026/08/13
Okx|XNBIS|2026/08/13
Okx|XRKLB|2026/08/13
Okx|XTQQQ|2026/08/13
Bithumb|TRB|2026/08/12
Okx|XTESTA|2026/08/12
Upbit|PROM|2026/08/12
Binance Perp|DOS|2026/08/11
Bithumb|DOS|2026/08/11
Upbit|DOS|2026/08/11
Okx|KAITO|2026/08/10
Upbit|AIOZ|2026/08/10
Upbit|ALLO|2026/08/10
Upbit|CYS|2026/08/10
Upbit|EDEN|2026/08/10
Upbit|ICNT|2026/08/10
Upbit|XAN|2026/08/10
Bithumb|BSB|2026/08/07
Okx|XTESTA|2026/08/07
Upbit|BSB|2026/08/07
Upbit|KMNO|2026/08/07
Bithumb|UB|2026/08/06
Upbit|CAP|2026/08/06
Upbit|GRVT|2026/08/05
Bithumb|META2|2026/08/04
Bithumb|QUID|2026/08/04
Bithumb|USDG|2026/08/04
Upbit|HOME|2026/08/04
Upbit|QUID|2026/08/04
Bithumb|GRVT|2026/07/31
Upbit|CFX|2026/07/31
Bybit|GRVT|2026/07/30
Okx|GRVT|2026/07/30
Upbit|USDG|2026/07/30
Bithumb|AEON|2026/07/29
Bithumb|RLUSD|2026/07/29
Coinbase|GRVT|2026/07/29
Okx|XGEV|2026/07/29
Okx|XONDS|2026/07/29
Okx|XTER|2026/07/29
Okx|XVRT|2026/07/29
Upbit|META2|2026/07/29
Bithumb|O|2026/07/28
Upbit|RLUSD|2026/07/28
Bithumb|BANK|2026/07/27
Bithumb|GEOD|2026/07/27
Upbit|GEOD|2026/07/27
Coinbase|USDC|2026/07/24
Bithumb|CHECK|2026/07/23
Bithumb|DRV|2026/07/14
Bybit|DATA|2026/07/09
Bithumb|ICNT|2026/07/07
Bybit|GROVE|2026/07/07
Coinbase|GROVE|2026/07/06
Bithumb|MPLX|2026/07/03
Bithumb|NEX|2026/07/03
Bithumb|CAP|2026/06/30
Bithumb|DATA|2026/06/29
Bithumb|ARX|2026/06/26
Bybit|CAP|2026/06/26
Coinbase|CAP|2026/06/25
Bybit|VERONA|2026/06/24
Bithumb|CC|2026/06/23
Bybit|ARX|2026/06/22
Bybit|GRAM|2026/06/22
Bybit|SLX|2026/06/22
Coinbase|ARX|2026/06/22
Coinbase|GEOD|2026/06/22
Bithumb|RE|2026/06/19
Bithumb|LWP|2026/06/18
Bithumb|VERONA|2026/06/18
Coinbase|RE|2026/06/17
Bithumb|SPACE|2026/06/16
Bithumb|SPX|2026/06/16
Coinbase|O|2026/06/16
Bithumb|GRAM|2026/06/15
Bybit|SPCXX|2026/06/12
Bithumb|HPP|2026/06/10
Bithumb|CTR|2026/06/09
Coinbase|ETH|2026/06/03
Coinbase|SOL|2026/06/03
Bithumb|HNT|2026/06/01
Bithumb|SLX|2026/06/01
Bithumb|BILL|2026/05/28
Coinbase|CTR|2026/05/26
Coinbase|DRV|2026/05/26
Coinbase|META|2026/05/26
Bithumb|OPG|2026/05/22
Coinbase|NEX|2026/05/20
Bithumb|AI|2026/05/18
Coinbase|BTC|2026/05/14
Bithumb|UP|2026/05/13
Bithumb|PROS|2026/05/08
Bithumb|EDGEX|2026/05/07
Bybit|BTC|2026/05/07
Bybit|ETH|2026/05/07
Bybit|USDC|2026/05/07
Bybit|USDT|2026/05/07
Coinbase|KAIO|2026/05/05
Bybit|BILL|2026/05/04
Coinbase|BILL|2026/05/01
Bithumb|MEGA|2026/04/30
Bybit|MEGA|2026/04/30
Bithumb|BLEND|2026/04/29
Bybit|USDS|2026/04/29
Coinbase|AI|2026/04/29
Coinbase|MEGA|2026/04/29
Coinbase|WRON|2026/04/29
Coinbase|PROS|2026/04/28
Coinbase|VIRTUAL|2026/04/28
Bithumb|PRL|2026/04/27
Bybit|BLEND|2026/04/24
Bybit|BTC|2026/04/22
Bybit|ETH|2026/04/22
Bybit|USDC|2026/04/22
Coinbase|BLEND|2026/04/22
Coinbase|TGBP|2026/04/22
Bithumb|BASED|2026/04/21
Bithumb|CHIP|2026/04/21
Bybit|CHIP|2026/04/21
Bybit|OPG|2026/04/21
Coinbase|DIEM|2026/04/21
Coinbase|USDC|2026/04/21
Coinbase|CHIP|2026/04/20
Coinbase|OPG|2026/04/20
Bybit|USDT|2026/04/16
Bithumb|ZAMA|2026/04/14
Bybit|SOL|2026/04/02
Bithumb|VVV|2026/04/01
Coinbase|CHECK|2026/04/01
Coinbase|MEZO|2026/04/01
Coinbase|SIGN|2026/04/01
Bybit|EDGE|2026/03/31
Bybit|BASED|2026/03/30
Coinbase|EDGEX|2026/03/30
Coinbase|BASED1|2026/03/27
Bithumb|KAT|2026/03/26
Coinbase|ICNT|2026/03/24
Coinbase|PRL|2026/03/24
Bithumb|PHA|2026/03/20
Bithumb|ROBO|2026/03/18
Coinbase|KAT|2026/03/18
Bithumb|CYS|2026/03/12
Bybit|BTC|2026/03/06
Bybit|ETH|2026/03/06
Bybit|SOL|2026/03/06
Bybit|USDT|2026/03/06
Bybit|OPN|2026/03/05
Bithumb|CFG|2026/03/04
Bithumb|EDGE|2026/03/04
Bybit|BSB|2026/03/04
Bybit|MANTRA|2026/03/04
Coinbase|LMTS|2026/03/04
Coinbase|OPN|2026/03/04
Bithumb|MANTRA|2026/03/03
Bybit|ROBO|2026/02/27
Bithumb|GWEI|2026/02/26
Coinbase|ROBO|2026/02/26
Bithumb|ESP|2026/02/24
Bithumb|GPS|2026/02/24
Coinbase|USDC|2026/02/24
Coinbase|GWEI|2026/02/23
Bithumb|AZTEC|2026/02/20
Bithumb|LIT|2026/02/16
Bybit|AZTEC|2026/02/12
Coinbase|AZTEC|2026/02/12
Coinbase|ESP|2026/02/12
Bybit|AEDZ|2026/02/11
Bithumb|FRAX|2026/02/10
Coinbase|DEEP|2026/02/10
Coinbase|RAVE|2026/02/10
Coinbase|UP|2026/02/10
Coinbase|WAL|2026/02/10
Coinbase|HYPE|2026/02/05
Coinbase|RNBW|2026/02/05
Coinbase|DOOD|2026/02/04
Bybit|TRIA|2026/02/03
Coinbase|TRIA|2026/02/03
Bybit|ELON|2026/02/02
Bybit|ZAMA|2026/02/02
Coinbase|ZAMA|2026/02/02
Bybit|PENGUIN|2026/01/31
Coinbase|INX|2026/01/30
Bybit|BIRB|2026/01/28
Coinbase|BIRB|2026/01/28
Bybit|USAT|2026/01/27
Bybit|PYBOBO|2026/01/26
Bybit|FIGHT|2026/01/22
Bybit|IMU|2026/01/22
Bybit|SENT|2026/01/22
Coinbase|SENT|2026/01/22
Bybit|SKR|2026/01/21
Bybit|ELSA|2026/01/20
Bybit|FOGO|2026/01/15
Bybit|LIT|2026/01/15
Bybit|FRAX|2026/01/12
Bybit|BREV|2026/01/06
Bybit|WHITEWHALE|2026/01/06
Bithumb|XAUT|2026/01/01
Upbit|XAUT|2026/01/01
Binance Perp|COLLECT|2025/12/31
Binance Perp|MAGMA|2025/12/31
Binance Perp|BREV|2025/12/30
Coinbase|LIGHTER|2025/12/30
Bithumb|ZKP|2025/12/26
Okx|BRL1|2025/12/26
Upbit|YB|2025/12/26
Upbit|ZKP|2025/12/26
Binance Spot|KGST|2025/12/24
Binance Perp|LIT|2025/12/23
Bithumb|THQ|2025/12/23
Binance Perp|GUA|2025/12/21
Binance Perp|IR|2025/12/21
Binance Perp|ZKP|2025/12/21
Bithumb|DEXE|2025/12/19
Bybit|ZKP|2025/12/19
Coinbase|ZKP|2025/12/19
Bybit|VOOI|2025/12/18
Bybit|SCOR|2025/12/17
Bithumb|EDEN|2025/12/16
Coinbase|THQ|2025/12/16
Bithumb|WET|2025/12/15
Coinbase|BEAM|2025/12/15
Upbit|WET|2025/12/15
Binance Perp|RAVE|2025/12/14
Bithumb|STABLE|2025/12/11
Bybit|ALMANAK|2025/12/11
Bithumb|ALLO|2025/12/09
Bybit|NIGHT|2025/12/09
Bybit|WET|2025/12/09
Coinbase|HYPER|2025/12/09
Coinbase|WET|2025/12/09
Okx|NIGHT|2025/12/09
Okx|WET|2025/12/09
Bybit|STABLE|2025/12/08
Coinbase|JUPITER|2025/12/08
Coinbase|PLUME|2025/12/08
Okx|NIGHT|2025/12/08
Bithumb|SAPIEN|2025/12/05
Bithumb|BOB|2025/12/03
Bithumb|TRAC|2025/12/03
Coinbase|RLS|2025/12/01
Coinbase|XPL|2025/12/01
Okx|HYPE|2025/12/01
Bithumb|IRYS|2025/11/27
Bithumb|XION|2025/11/26
Okx|DASH|2025/11/26
Upbit|PLUME|2025/11/26
Coinbase|IRYS|2025/11/25
Bithumb|MON|2025/11/24
Bithumb|PIEVERSE|2025/11/24
Coinbase|FLUID|2025/11/24
Coinbase|MON|2025/11/24
Coinbase|WMTX|2025/11/24
Upbit|MON|2025/11/24
Okx|ZEC|2025/11/23
Coinbase|BOBBOB|2025/11/20
Bybit|GAIB|2025/11/19
Coinbase|ASTER|2025/11/19
Bithumb|MET|2025/11/18
Upbit|MET2|2025/11/18
Coinbase|SUP|2025/11/17
Coinbase|TON|2025/11/17
Okx|ZEN|2025/11/17
Bybit|PIEVERSE|2025/11/14
Okx|2Z|2025/11/14
Okx|SEI|2025/11/14
Bybit|ELIZAOS|2025/11/12
Coinbase|NOM|2025/11/12
Coinbase|ALLO|2025/11/11
Okx|ALLO|2025/11/11
Bybit|CC|2025/11/10
Bybit|LITKEY|2025/11/06
Bithumb|TRUST|2025/11/05
Coinbase|TRUST|2025/11/05
Upbit|TRUST|2025/11/05
Bithumb|MMT|2025/11/04
Bybit|MMT|2025/11/04
Okx|MMT|2025/11/04
Upbit|MMT|2025/11/04
Bithumb|KITE|2025/11/03
Coinbase|KITE|2025/11/03
Okx|HYPE|2025/11/03
Okx|KITE|2025/11/03
Upbit|KITE|2025/11/03
Bithumb|ENSO|2025/10/29
Bybit|EAT|2025/10/29
Upbit|ENSO|2025/10/29
Coinbase|DBR|2025/10/28
Okx|BNB|2025/10/28
Okx|FET|2025/10/28
Okx|INJ|2025/10/28
Okx|NEO|2025/10/28
Okx|THETA|2025/10/28
Okx|VIRTUAL|2025/10/28
Upbit|KERNEL|2025/10/28
Bybit|COMMON|2025/10/27
Bybit|SYND|2025/10/27
Upbit|ORDER|2025/10/24
Bybit|MET|2025/10/23
Bybit|MONPRO|2025/10/23
Coinbase|APR|2025/10/23
Coinbase|MET|2025/10/23
Okx|MET|2025/10/23
Bithumb|CPOOL|2025/10/22
Coinbase|BNB|2025/10/22
Upbit|CPOOL|2025/10/22
Bithumb|NOM|2025/10/21
Bithumb|RECALL|2025/10/21
Bithumb|ZORA|2025/10/21
Coinbase|KTA|2025/10/21
Upbit|F|2025/10/21
Upbit|NOM|2025/10/21
Upbit|BIO|2025/10/20
Bithumb|DOOD|2025/10/17
Bithumb|IN|2025/10/17
Bithumb|YB|2025/10/17
Bithumb|ZBT|2025/10/17
Bybit|ZBT|2025/10/17
Okx|ASTER|2025/10/17
Okx|DOOD|2025/10/17
Okx|PROVE|2025/10/17
Okx|ZORA|2025/10/17
Upbit|ZBT|2025/10/17
Upbit|ZORA|2025/10/17
Okx|ENA|2025/10/16
Okx|PAXG|2025/10/16
Bybit|RECALL|2025/10/15
Bybit|YB|2025/10/15
Coinbase|2Z|2025/10/15
Coinbase|RECALL|2025/10/15
Coinbase|YB|2025/10/15
Okx|YB|2025/10/15
Upbit|YGG|2025/10/15
Bybit|ENSO|2025/10/14
Okx|PAXG|2025/10/14
Okx|LINEA|2025/10/13
Bithumb|ASTER|2025/10/10
Upbit|IN|2025/10/10
Okx|IP|2025/10/09
Okx|PENGU|2025/10/09
Coinbase|LINEA|2025/10/08
Coinbase|NOICE|2025/10/08
Coinbase|SYND|2025/10/08
Bithumb|XAN|2025/10/07
Okx|AVNT|2025/10/07
Okx|TOSHI|2025/10/07
Upbit|DOOD|2025/10/07
Bithumb|2Z|2025/10/02
Bithumb|SUPER|2025/10/02
Bybit|2Z|2025/10/02
Upbit|2Z|2025/10/02
Bithumb|SOMI|2025/10/01
Bybit|NOM|2025/10/01
Coinbase|AUDD|2025/10/01
Coinbase|XSGD|2025/10/01
Upbit|SOMI|2025/10/01
Bithumb|FF|2025/09/29
Bithumb|XPL|2025/09/29
Bybit|FF|2025/09/29
Bybit|XAN|2025/09/29
Coinbase|XAN|2025/09/29
Bithumb|CUDIS|2025/09/26
Bithumb|FLUID|2025/09/26
Bithumb|MIRA|2025/09/26
Bybit|BTC|2025/09/26
Bybit|ETH|2025/09/26
Bybit|MNT|2025/09/26
Bybit|RLUSD|2025/09/26
Bybit|XRP|2025/09/26
Bithumb|BTR|2025/09/25
Bithumb|POPCAT|2025/09/25
Bybit|XPL|2025/09/25
Okx|XPL|2025/09/25
Bithumb|HEMI|2025/09/24
Coinbase|CFG|2025/09/24
Coinbase|TROLL|2025/09/24
Bybit|0G|2025/09/23
Bithumb|0G|2025/09/22
Bithumb|BTC|2025/09/22
Bithumb|DOGE|2025/09/22
Bithumb|ETH|2025/09/22
Bithumb|PEPE|2025/09/22
Bithumb|SOL|2025/09/22
Bithumb|SUI|2025/09/22
Bithumb|TRX|2025/09/22
Bithumb|USDC|2025/09/22
Bithumb|WLD|2025/09/22
Bithumb|XRP|2025/09/22
Bybit|ASTER|2025/09/21
Bithumb|KMNO|2025/09/19
Bithumb|BARD|2025/09/18
Bithumb|TAO|2025/09/18
Bybit|BARD|2025/09/18
Bybit|LBTC|2025/09/18
Coinbase|BARD|2025/09/18
Bithumb|TOSHI|2025/09/17
Bybit|BTC|2025/09/17
Bybit|H|2025/09/16
Bybit|PORTALS|2025/09/16
Bybit|PUMP|2025/09/16
Bybit|SPX|2025/09/16
Bybit|VIRTUAL|2025/09/16
Bybit|ZKC|2025/09/15
Coinbase|ZKC|2025/09/15
Bybit|H|2025/09/12
Bybit|APEX|2025/09/11
Bybit|HOLO|2025/09/11
Bybit|ERA|2025/09/10
Bybit|LA|2025/09/10
Bybit|LINEA|2025/09/10
Bybit|ONDO|2025/09/10
Bybit|PUMP|2025/09/10
Bybit|VIRTUAL|2025/09/10
Bybit|XUSD|2025/09/10
Coinbase|DOLO|2025/09/10
Coinbase|KMNO|2025/09/10
Coinbase|LAYER|2025/09/10
Bybit|ART|2025/09/09
Bybit|AVNT|2025/09/09
Bybit|BBSOL|2025/09/09
Bybit|ENA|2025/09/09
Coinbase|AVNT|2025/09/09
Coinbase|FLOCK|2025/09/08
Coinbase|SPX|2025/09/08
Coinbase|AWE|2025/09/03
Coinbase|WLFI|2025/09/01
Coinbase|USD1|2025/08/21
Coinbase|SAPIEN|2025/08/20
Coinbase|USELESS|2025/08/19
Coinbase|WCT|2025/08/13
Coinbase|COSMOSDYDX|2025/08/06
Coinbase|EUL|2025/08/05
Coinbase|MAMO|2025/08/05
Coinbase|PROVE|2025/08/05
Coinbase|TOWNS|2025/08/05
Coinbase|BIO|2025/07/30
Coinbase|RSC|2025/07/30
Coinbase|BNKR|2025/07/29
